<?xml version="1.0" encoding="UTF-8" standalone="no"?>
<!-- Generated 25 ene 2023 9:47:57 by Hibernate Tools 5.5.9.Final --><!DOCTYPE hibernate-mapping PUBLIC "-//Hibernate/Hibernate Mapping DTD 3.0//EN" "http://www.hibernate.org/dtd/hibernate-mapping-3.0.dtd">
<hibernate-mapping>
    <class catalog="concesionario" name="models.Cliente" optimistic-lock="none" table="cliente">
        <id name="id" type="java.lang.Integer">
            <column name="Id"/>
            <generator class="identity"/>
        </id>
        <property name="nif" type="string">
            <column length="9" name="NIF" not-null="true" unique="true"/>
        </property>
        <property name="nombre" type="string">
            <column length="40" name="Nombre"/>
        </property>
        <property name="apellidos" type="string">
            <column length="50" name="Apellidos"/>
        </property>
        <property name="correo" type="string">
            <column length="40" name="Correo"/>
        </property>
        <property name="telefono" type="string">
            <column length="9" name="Telefono"/>
        </property>
        <property name="direccion" type="string">
            <column length="40" name="Direccion"/>
        </property>
        <set fetch="select" inverse="false" lazy="true" name="vehiculos" table="clientevehiculo">
            <key>
                <column name="idCliente" not-null="true"/>
            </key>
            <many-to-many entity-name="models.Vehiculo">
                <column name="idVehiculo" not-null="true"/>
            </many-to-many>
        </set>
        <set fetch="select" inverse="true" lazy="true" name="proposicions" table="proposicion">
            <key>
                <column name="idCliente" not-null="true"/>
            </key>
            <one-to-many class="models.Proposicion"/>
        </set>
    </class>
</hibernate-mapping>
