<?xml version="1.0" encoding="UTF-8" standalone="no"?>
<!-- Generated 13 ene 2023 9:28:56 by Hibernate Tools 5.5.9.Final --><!DOCTYPE hibernate-mapping PUBLIC "-//Hibernate/Hibernate Mapping DTD 3.0//EN" "http://www.hibernate.org/dtd/hibernate-mapping-3.0.dtd">
<hibernate-mapping>
    <class catalog="concesionario" name="models.Proposicion" optimistic-lock="none" table="proposicion">
        <composite-id class="models.ProposicionId" name="id">
            <key-property name="idVenta" type="int">
                <column name="idVenta"/>
            </key-property>
            <key-property name="idCliente" type="int">
                <column name="idCliente"/>
            </key-property>
            <key-property name="idVehiculo" type="int">
                <column name="idVehiculo"/>
            </key-property>
            <key-property name="fechaProposicion" type="date">
                <column length="10" name="FechaProposicion"/>
            </key-property>
        </composite-id>
        <many-to-one class="models.Cliente" fetch="select" insert="false" name="cliente" update="false">
            <column name="idCliente" not-null="true"/>
        </many-to-one>
        <many-to-one class="models.Vehiculo" fetch="select" insert="false" name="vehiculo" update="false">
            <column name="idVehiculo" not-null="true"/>
        </many-to-one>
        <many-to-one class="models.Venta" fetch="select" insert="false" name="venta" update="false">
            <column name="idVenta" not-null="true"/>
        </many-to-one>
        <property name="precioPropuesto" type="java.lang.Double">
            <column name="PrecioPropuesto" precision="22" scale="0"/>
        </property>
        <property name="fechaValidez" type="date">
            <column length="10" name="FechaValidez"/>
        </property>
        <property name="aceptada" type="java.lang.Boolean">
            <column name="Aceptada"/>
        </property>
    </class>
</hibernate-mapping>
