<?xml version="1.0" encoding="UTF-8" standalone="no"?>
<!-- Generated 25 ene 2023 9:47:57 by Hibernate Tools 5.5.9.Final --><!DOCTYPE hibernate-mapping PUBLIC "-//Hibernate/Hibernate Mapping DTD 3.0//EN" "http://www.hibernate.org/dtd/hibernate-mapping-3.0.dtd">
<hibernate-mapping>
    <class catalog="concesionario" name="models.Repara" optimistic-lock="none" table="repara">
        <composite-id class="models.ReparaId" name="id">
            <key-property name="idMecanico" type="int">
                <column name="idMecanico"/>
            </key-property>
            <key-property name="idVehiculo" type="int">
                <column name="idVehiculo"/>
            </key-property>
        </composite-id>
        <many-to-one class="models.Mecanico" fetch="select" insert="false" name="mecanico" update="false">
            <column name="idMecanico" not-null="true"/>
        </many-to-one>
        <many-to-one class="models.Vehiculo" fetch="select" insert="false" name="vehiculo" update="false">
            <column name="idVehiculo" not-null="true"/>
        </many-to-one>
        <property name="presupuesto" type="java.lang.Double">
            <column name="Presupuesto" precision="22" scale="0"/>
        </property>
        <property name="tiempoEstimado" type="java.lang.Integer">
            <column name="TiempoEstimado"/>
        </property>
        <property name="fechaLimite" type="date">
            <column length="10" name="FechaLimite"/>
        </property>
        <property name="piezas" type="string">
            <column length="65535" name="Piezas"/>
        </property>
        <property name="diagnostico" type="string">
            <column length="65535" name="Diagnostico"/>
        </property>
        <property name="finalizada" type="java.lang.Boolean">
            <column name="Finalizada"/>
        </property>
    </class>
</hibernate-mapping>
