<?xml version="1.0" encoding="UTF-8" standalone="no"?>
<!-- Generated 25 ene 2023 9:47:57 by Hibernate Tools 5.5.9.Final --><!DOCTYPE hibernate-mapping PUBLIC "-//Hibernate/Hibernate Mapping DTD 3.0//EN" "http://www.hibernate.org/dtd/hibernate-mapping-3.0.dtd">
<hibernate-mapping>
    <class catalog="concesionario" name="models.Usuario" optimistic-lock="none" table="usuario">
        <id name="id" type="java.lang.Integer">
            <column name="Id"/>
            <generator class="identity"/>
        </id>
        <property name="nombre" type="string">
            <column length="40" name="Nombre"/>
        </property>
        <property name="apellidos" type="string">
            <column length="50" name="Apellidos"/>
        </property>
        <property name="nif" type="string">
            <column length="9" name="NIF" unique="true"/>
        </property>
        <property name="correo" type="string">
            <column length="50" name="Correo" unique="true"/>
        </property>
        <property name="telefono" type="string">
            <column length="9" name="Telefono"/>
        </property>
        <property name="contrasena" type="string">
            <column length="40" name="Contrasena"/>
        </property>
        <set fetch="select" inverse="true" lazy="true" name="ventas" table="venta">
            <key>
                <column name="codUsuario"/>
            </key>
            <one-to-many class="models.Venta"/>
        </set>
        <set fetch="select" inverse="true" lazy="true" name="mecanicos" table="mecanico">
            <key>
                <column name="codUsuario"/>
            </key>
            <one-to-many class="models.Mecanico"/>
        </set>
        <set fetch="select" inverse="true" lazy="true" name="jefes" table="jefe">
            <key>
                <column name="codUsuario"/>
            </key>
            <one-to-many class="models.Jefe"/>
        </set>
    </class>
</hibernate-mapping>
