<?xml version="1.0" encoding="UTF-8"?>
<!DOCTYPE hibernate-reverse-engineering PUBLIC "-//Hibernate/Hibernate Reverse Engineering DTD 3.0//EN" "http://hibernate.org/dtd/hibernate-reverse-engineering-3.0.dtd" >

<hibernate-reverse-engineering>
  <table-filter match-catalog="classicmodels" match-name="customers"/>
  <table-filter match-catalog="classicmodels" match-name="employees"/>
  <table-filter match-catalog="classicmodels" match-name="offices"/>
  <table-filter match-catalog="classicmodels" match-name="orderdetails"/>
  <table-filter match-catalog="classicmodels" match-name="orders"/>
  <table-filter match-catalog="classicmodels" match-name="payments"/>
  <table-filter match-catalog="classicmodels" match-name="productlines"/>
  <table-filter match-catalog="classicmodels" match-name="products"/>
</hibernate-reverse-engineering>