<?xml version="1.0" encoding="UTF-8" standalone="no"?>
<!DOCTYPE hibernate-configuration PUBLIC "-//Hibernate/Hibernate Configuration DTD 3.0//EN" "http://www.hibernate.org/dtd/hibernate-configuration-3.0.dtd">
<hibernate-configuration>
	<session-factory>
		<property name="hibernate.bytecode.use_reflection_optimizer">false</property>
		<property name="hibernate.connection.driver_class">com.mysql.jdbc.Driver</property>
		<property name="hibernate.connection.password">concesionario</property>
		<property name="hibernate.connection.url">jdbc:mysql://127.0.0.1/concesionario</property>
		<property name="hibernate.connection.username">concesionario</property>
		<property name="hibernate.dialect">org.hibernate.dialect.MySQLDialect</property>
		<property name="hibernate.hbm2ddl.auto">none</property>
		<property name="hibernate.search.autoregister_listeners">true</property>
		<property name="hibernate.show_sql">true</property>
		<property name="hibernate.validator.apply_to_ddl">false</property>
		<mapping resource="models/Usuario.hbm.xml" />
		<mapping resource="models/Vehiculo.hbm.xml" />
		<mapping resource="models/Repara.hbm.xml" />
		<mapping resource="models/Cliente.hbm.xml" />
		<mapping resource="models/Concesionario.hbm.xml" />
		<mapping resource="models/Venta.hbm.xml" />
		<mapping resource="models/Mecanico.hbm.xml" />
		<mapping resource="models/Jefe.hbm.xml" />
		<mapping resource="models/Proposicion.hbm.xml" />
		<mapping resource="models/Registroventas.hbm.xml" />
	</session-factory>
</hibernate-configuration>
