<?xml version="1.0" encoding="UTF-8" standalone="no"?>
<!-- Generated 9 dic 2022 9:21:41 by Hibernate Tools 5.5.9.Final --><!DOCTYPE hibernate-mapping PUBLIC "-//Hibernate/Hibernate Mapping DTD 3.0//EN" "http://www.hibernate.org/dtd/hibernate-mapping-3.0.dtd">
<hibernate-mapping>
    <class catalog="bd_neptuno" name="models.Empleados" optimistic-lock="none" table="empleados">
        <id name="id" type="java.lang.Integer">
            <column name="id"/>
            <generator class="identity"/>
        </id>
        <many-to-one class="models.Empleados" fetch="select" name="empleados">
            <column name="jefe_id"/>
        </many-to-one>
        <property name="apellidos" type="string">
            <column length="20" name="apellidos" not-null="true"/>
        </property>
        <property name="nombre" type="string">
            <column length="10" name="nombre" not-null="true"/>
        </property>
        <property name="cargo" type="string">
            <column length="30" name="cargo"/>
        </property>
        <property name="tratamiento" type="string">
            <column length="25" name="tratamiento"/>
        </property>
        <property name="fechaNacimiento" type="date">
            <column length="10" name="fecha_nacimiento"/>
        </property>
        <property name="fechaContratacion" type="date">
            <column length="10" name="fecha_contratacion"/>
        </property>
        <property name="direccion" type="string">
            <column length="60" name="direccion"/>
        </property>
        <property name="ciudad" type="string">
            <column length="15" name="ciudad"/>
        </property>
        <property name="region" type="string">
            <column length="15" name="region"/>
        </property>
        <property name="cp" type="string">
            <column length="10" name="cp"/>
        </property>
        <property name="pais" type="string">
            <column length="15" name="pais"/>
        </property>
        <property name="telefonoDomicilio" type="string">
            <column length="24" name="telefono_domicilio"/>
        </property>
        <property name="extension" type="string">
            <column length="4" name="extension"/>
        </property>
        <property name="notas" type="string">
            <column length="65535" name="notas"/>
        </property>
        <set fetch="select" inverse="true" lazy="true" name="pedidoses" table="pedidos">
            <key>
                <column name="empleado_id"/>
            </key>
            <one-to-many class="models.Pedidos"/>
        </set>
        <set fetch="select" inverse="true" lazy="true" name="empleadoses" table="empleados">
            <key>
                <column name="jefe_id"/>
            </key>
            <one-to-many class="models.Empleados"/>
        </set>
    </class>
</hibernate-mapping>
