<?xml version="1.0" encoding="UTF-8" standalone="no"?>
<!-- Generated 9 dic 2022 9:21:41 by Hibernate Tools 5.5.9.Final --><!DOCTYPE hibernate-mapping PUBLIC "-//Hibernate/Hibernate Mapping DTD 3.0//EN" "http://www.hibernate.org/dtd/hibernate-mapping-3.0.dtd">
<hibernate-mapping>
    <class catalog="bd_neptuno" name="models.Importes" optimistic-lock="none" table="importes">
        <comment>VIEW</comment>
        <composite-id class="models.ImportesId" name="id">
            <key-property name="pedidoId" type="int">
                <column name="pedido_id"/>
            </key-property>
            <key-property name="productoId" type="int">
                <column name="producto_id"/>
            </key-property>
            <key-property name="precioUnidad" type="big_decimal">
                <column name="precio_unidad" scale="4"/>
            </key-property>
            <key-property name="cantidad" type="java.lang.Short">
                <column name="cantidad"/>
            </key-property>
            <key-property name="descuento" type="java.lang.Double">
                <column name="descuento" precision="7"/>
            </key-property>
            <key-property name="importe" type="java.lang.Double">
                <column name="importe" precision="22" scale="4"/>
            </key-property>
        </composite-id>
    </class>
</hibernate-mapping>
