<?xml version="1.0" encoding="UTF-8" standalone="no"?>
<!-- Generated 9 dic 2022 9:21:41 by Hibernate Tools 5.5.9.Final --><!DOCTYPE hibernate-mapping PUBLIC "-//Hibernate/Hibernate Mapping DTD 3.0//EN" "http://www.hibernate.org/dtd/hibernate-mapping-3.0.dtd">
<hibernate-mapping>
    <class catalog="bd_neptuno" name="models.Productos" optimistic-lock="none" table="productos">
        <id name="id" type="java.lang.Integer">
            <column name="id"/>
            <generator class="identity"/>
        </id>
        <many-to-one class="models.Categorias" fetch="select" name="categorias">
            <column name="categoria_id"/>
        </many-to-one>
        <many-to-one class="models.Proveedores" fetch="select" name="proveedores">
            <column name="proveedor_id"/>
        </many-to-one>
        <property name="producto" type="string">
            <column length="40" name="producto" not-null="true" unique="true"/>
        </property>
        <property name="cantidadPorUnidad" type="string">
            <column length="20" name="cantidad_por_unidad"/>
        </property>
        <property name="precioUnidad" type="big_decimal">
            <column name="precio_unidad" scale="4"/>
        </property>
        <property name="unidadesExistencia" type="java.lang.Short">
            <column name="unidades_existencia"/>
        </property>
        <property name="unidadesPedido" type="java.lang.Short">
            <column name="unidades_pedido"/>
        </property>
        <property name="nivelNuevoPedido" type="java.lang.Integer">
            <column name="nivel_nuevo_pedido"/>
        </property>
        <property name="suspendido" type="boolean">
            <column name="suspendido" not-null="true"/>
        </property>
        <property name="notas" type="string">
            <column length="65535" name="notas"/>
        </property>
        <property name="iva" type="big_decimal">
            <column name="iva" not-null="true" precision="14"/>
        </property>
        <set fetch="select" inverse="true" lazy="true" name="detalleses" table="detalles">
            <key>
                <column name="producto_id" not-null="true"/>
            </key>
            <one-to-many class="models.Detalles"/>
        </set>
    </class>
</hibernate-mapping>
