<?xml version="1.0" encoding="UTF-8" standalone="no"?>
<!-- Generated 9 dic 2022 9:21:41 by Hibernate Tools 5.5.9.Final --><!DOCTYPE hibernate-mapping PUBLIC "-//Hibernate/Hibernate Mapping DTD 3.0//EN" "http://www.hibernate.org/dtd/hibernate-mapping-3.0.dtd">
<hibernate-mapping>
    <class catalog="bd_neptuno" name="models.Usuarios" optimistic-lock="none" table="usuarios">
        <id name="nombre" type="string">
            <column length="30" name="nombre"/>
            <generator class="assigned"/>
        </id>
        <property name="clave" type="string">
            <column length="30" name="clave"/>
        </property>
    </class>
</hibernate-mapping>
