<?xml version="1.0" encoding="UTF-8" standalone="no"?>
<!-- Generated 9 dic 2022 9:21:41 by Hibernate Tools 5.5.9.Final --><!DOCTYPE hibernate-mapping PUBLIC "-//Hibernate/Hibernate Mapping DTD 3.0//EN" "http://www.hibernate.org/dtd/hibernate-mapping-3.0.dtd">
<hibernate-mapping>
    <class catalog="bd_neptuno" name="models.VEmpleados1" optimistic-lock="none" table="v_empleados1">
        <comment>VIEW</comment>
        <composite-id class="models.VEmpleados1Id" name="id">
            <key-property name="id" type="int">
                <column name="id"/>
            </key-property>
            <key-property name="apellidos" type="string">
                <column length="20" name="apellidos"/>
            </key-property>
            <key-property name="nombre" type="string">
                <column length="10" name="nombre"/>
            </key-property>
            <key-property name="cargo" type="string">
                <column length="30" name="cargo"/>
            </key-property>
            <key-property name="tratamiento" type="string">
                <column length="25" name="tratamiento"/>
            </key-property>
            <key-property name="fechaNacimiento" type="date">
                <column length="10" name="fecha_nacimiento"/>
            </key-property>
            <key-property name="fechaContratacion" type="date">
                <column length="10" name="fecha_contratacion"/>
            </key-property>
            <key-property name="direccion" type="string">
                <column length="60" name="direccion"/>
            </key-property>
            <key-property name="ciudad" type="string">
                <column length="15" name="ciudad"/>
            </key-property>
            <key-property name="region" type="string">
                <column length="15" name="region"/>
            </key-property>
            <key-property name="cp" type="string">
                <column length="10" name="cp"/>
            </key-property>
            <key-property name="pais" type="string">
                <column length="15" name="pais"/>
            </key-property>
            <key-property name="telefonoDomicilio" type="string">
                <column length="24" name="telefono_domicilio"/>
            </key-property>
            <key-property name="extension" type="string">
                <column length="4" name="extension"/>
            </key-property>
            <key-property name="notas" type="string">
                <column length="65535" name="notas"/>
            </key-property>
            <key-property name="jefeId" type="java.lang.Integer">
                <column name="jefe_id"/>
            </key-property>
        </composite-id>
    </class>
</hibernate-mapping>
